<?xml version="1.0" encoding="UTF-8"?>
<GenRun Id="impl_1" LaunchPart="xc7z010clg400-1" LaunchTime="1698869242">
  <File Type="ROUTE-PWR" Name="data_path_power_routed.rpt"/>
  <File Type="PA-TCL" Name="data_path.tcl"/>
  <File Type="ROUTE-PWR-SUM" Name="data_path_power_summary_routed.pb"/>
  <File Type="REPORTS-TCL" Name="data_path_reports.tcl"/>
  <File Type="OPT-RQA-PB" Name="data_path_rqa_opted.pb"/>
  <File Type="BITSTR-MMI" Name="data_path.mmi"/>
  <File Type="OPT-METHODOLOGY-DRC" Name="data_path_methodology_drc_opted.rpt"/>
  <File Type="INIT-TIMING" Name="data_path_timing_summary_init.rpt"/>
  <File Type="OPT-TIMING" Name="data_path_timing_summary_opted.rpt"/>
  <File Type="OPT-DCP" Name="data_path_opt.dcp"/>
  <File Type="OPT-DRC" Name="data_path_drc_opted.rpt"/>
  <File Type="OPT-HWDEF" Name="data_path.hwdef"/>
  <File Type="PWROPT-DCP" Name="data_path_pwropt.dcp"/>
  <File Type="PWROPT-DRC" Name="data_path_drc_pwropted.rpt"/>
  <File Type="PWROPT-TIMING" Name="data_path_timing_summary_pwropted.rpt"/>
  <File Type="PLACE-DCP" Name="data_path_placed.dcp"/>
  <File Type="PLACE-IO" Name="data_path_io_placed.rpt"/>
  <File Type="PLACE-CLK" Name="data_path_clock_utilization_placed.rpt"/>
  <File Type="PLACE-UTIL" Name="data_path_utilization_placed.rpt"/>
  <File Type="PLACE-UTIL-PB" Name="data_path_utilization_placed.pb"/>
  <File Type="PLACE-CTRL" Name="data_path_control_sets_placed.rpt"/>
  <File Type="PLACE-SIMILARITY" Name="data_path_incremental_reuse_placed.rpt"/>
  <File Type="PLACE-PRE-SIMILARITY" Name="data_path_incremental_reuse_pre_placed.rpt"/>
  <File Type="BG-BIN" Name="data_path.bin"/>
  <File Type="PLACE-TIMING" Name="data_path_timing_summary_placed.rpt"/>
  <File Type="ROUTE-PWR-RPX" Name="data_path_power_routed.rpx"/>
  <File Type="PLACE-RQA-PB" Name="data_path_rqa_placed.pb"/>
  <File Type="POSTPLACE-PWROPT-DCP" Name="data_path_postplace_pwropt.dcp"/>
  <File Type="BITSTR-MSK" Name="data_path.msk"/>
  <File Type="POSTPLACE-PWROPT-TIMING" Name="data_path_timing_summary_postplace_pwropted.rpt"/>
  <File Type="PHYSOPT-DCP" Name="data_path_physopt.dcp"/>
  <File Type="PHYSOPT-DRC" Name="data_path_drc_physopted.rpt"/>
  <File Type="BITSTR-RBT" Name="data_path.rbt"/>
  <File Type="PHYSOPT-TIMING" Name="data_path_timing_summary_physopted.rpt"/>
  <File Type="ROUTE-ERROR-DCP" Name="data_path_routed_error.dcp"/>
  <File Type="ROUTE-DCP" Name="data_path_routed.dcp"/>
  <File Type="ROUTE-BLACKBOX-DCP" Name="data_path_routed_bb.dcp"/>
  <File Type="ROUTE-DRC" Name="data_path_drc_routed.rpt"/>
  <File Type="ROUTE-DRC-PB" Name="data_path_drc_routed.pb"/>
  <File Type="ROUTE-DRC-RPX" Name="data_path_drc_routed.rpx"/>
  <File Type="ROUTE-METHODOLOGY-DRC" Name="data_path_methodology_drc_routed.rpt"/>
  <File Type="ROUTE-METHODOLOGY-DRC-RPX" Name="data_path_methodology_drc_routed.rpx"/>
  <File Type="ROUTE-METHODOLOGY-DRC-PB" Name="data_path_methodology_drc_routed.pb"/>
  <File Type="ROUTE-RQS-PB" Name="data_path_rqs_routed.pb"/>
  <File Type="ROUTE-STATUS" Name="data_path_route_status.rpt"/>
  <File Type="ROUTE-STATUS-PB" Name="data_path_route_status.pb"/>
  <File Type="ROUTE-TIMINGSUMMARY" Name="data_path_timing_summary_routed.rpt"/>
  <File Type="ROUTE-TIMING-PB" Name="data_path_timing_summary_routed.pb"/>
  <File Type="ROUTE-TIMING-RPX" Name="data_path_timing_summary_routed.rpx"/>
  <File Type="ROUTE-SIMILARITY" Name="data_path_incremental_reuse_routed.rpt"/>
  <File Type="ROUTE-CLK" Name="data_path_clock_utilization_routed.rpt"/>
  <File Type="ROUTE-BUS-SKEW" Name="data_path_bus_skew_routed.rpt"/>
  <File Type="ROUTE-BUS-SKEW-PB" Name="data_path_bus_skew_routed.pb"/>
  <File Type="ROUTE-BUS-SKEW-RPX" Name="data_path_bus_skew_routed.rpx"/>
  <File Type="POSTROUTE-PHYSOPT-DCP" Name="data_path_postroute_physopt.dcp"/>
  <File Type="POSTROUTE-PHYSOPT-BLACKBOX-DCP" Name="data_path_postroute_physopt_bb.dcp"/>
  <File Type="POSTROUTE-PHYSOPT-TIMING" Name="data_path_timing_summary_postroute_physopted.rpt"/>
  <File Type="POSTROUTE-PHYSOPT-TIMING-PB" Name="data_path_timing_summary_postroute_physopted.pb"/>
  <File Type="POSTROUTE-PHYSOPT-TIMING-RPX" Name="data_path_timing_summary_postroute_physopted.rpx"/>
  <File Type="POSTROUTE-PHYSOPT-BUS-SKEW" Name="data_path_bus_skew_postroute_physopted.rpt"/>
  <File Type="BG-BIT" Name="data_path.bit"/>
  <File Type="POSTROUTE-PHYSOPT-BUS-SKEW-PB" Name="data_path_bus_skew_postroute_physopted.pb"/>
  <File Type="POSTROUTE-PHYSOPT-BUS-SKEW-RPX" Name="data_path_bus_skew_postroute_physopted.rpx"/>
  <File Type="BITSTR-NKY" Name="data_path.nky"/>
  <File Type="BITSTR-BMM" Name="data_path_bd.bmm"/>
  <File Type="PDI-FILE" Name="data_path.pdi"/>
  <File Type="BOOT-PDI-FILE" Name="data_path_soc.pdi"/>
  <File Type="PL-PDI-FILE" Name="data_path_pld.pdi"/>
  <File Type="RCFI_FILE" Name="data_path.rcfi"/>
  <File Type="CFI_FILE" Name="data_path.cfi"/>
  <File Type="RNPI_FILE" Name="data_path.rnpi"/>
  <File Type="NPI_FILE" Name="data_path.npi"/>
  <File Type="RBD_FILE" Name="data_path.rbd"/>
  <File Type="BITSTR-LTX" Name="debug_nets.ltx"/>
  <File Type="BITSTR-LTX" Name="data_path.ltx"/>
  <File Type="BITSTR-SYSDEF" Name="data_path.sysdef"/>
  <File Type="BG-BGN" Name="data_path.bgn"/>
  <File Type="BG-DRC" Name="data_path.drc"/>
  <File Type="RDI-RDI" Name="data_path.vdi"/>
  <File Type="WBT-USG" Name="usage_statistics_webtalk.html"/>
  <File Type="ROUTE-RQS" Name="data_path_routed.rqs"/>
  <File Type="POSTROUTE-PHYSOPT-RQS" Name="data_path_postroute_physopted.rqs"/>
  <File Type="ROUTE-RQS-RPT" Name="route_report_qor_suggestions_0.rpt"/>
  <File Type="POSTROUTE-PHYSOPT-RQS-RPT" Name="postroute_physopt_report_qor_suggestions_0.rpt"/>
  <FileSet Name="sources" Type="DesignSrcs" RelSrcDir="$PSRCDIR/sources_1" RelGenDir="$PGENDIR/sources_1">
    <Filter Type="Srcs"/>
    <File Path="$PSRCDIR/sources_1/new/pipelining_technique.v">
      <FileInfo>
        <Attr Name="UsedIn" Val="synthesis"/>
        <Attr Name="UsedIn" Val="implementation"/>
        <Attr Name="UsedIn" Val="simulation"/>
      </FileInfo>
    </File>
    <Config>
      <Option Name="DesignMode" Val="RTL"/>
      <Option Name="TopModule" Val="data_path"/>
      <Option Name="TopAutoSet" Val="TRUE"/>
    </Config>
  </FileSet>
  <FileSet Name="constrs_in" Type="Constrs" RelSrcDir="$PSRCDIR/constrs_1" RelGenDir="$PGENDIR/constrs_1">
    <Filter Type="Constrs"/>
    <Config>
      <Option Name="ConstrsType" Val="XDC"/>
    </Config>
  </FileSet>
  <FileSet Name="utils" Type="Utils" RelSrcDir="$PSRCDIR/utils_1" RelGenDir="$PGENDIR/utils_1">
    <Filter Type="Utils"/>
    <File Path="$PSRCDIR/utils_1/imports/synth_1/IDEXE_pipelinr_register.dcp">
      <FileInfo>
        <Attr Name="UsedIn" Val="synthesis"/>
        <Attr Name="UsedIn" Val="implementation"/>
        <Attr Name="UsedInSteps" Val="synth_1"/>
        <Attr Name="AutoDcp" Val="1"/>
      </FileInfo>
    </File>
    <Config>
      <Option Name="TopAutoSet" Val="TRUE"/>
    </Config>
  </FileSet>
  <Strategy Version="1" Minor="2">
    <StratHandle Name="Vivado Implementation Defaults" Flow="Vivado Implementation 2023"/>
    <Step Id="init_design"/>
    <Step Id="opt_design"/>
    <Step Id="power_opt_design"/>
    <Step Id="place_design"/>
    <Step Id="post_place_power_opt_design"/>
    <Step Id="phys_opt_design"/>
    <Step Id="route_design"/>
    <Step Id="post_route_phys_opt_design"/>
    <Step Id="write_bitstream"/>
  </Strategy>
</GenRun>
